<?xml version="1.0" encoding="UTF-8"?>
<extentReports>
    <configuration>
        <!-- Report theme: standard or dark -->
        <theme>standard</theme>

        <!-- Document encoding -->
        <encoding>UTF-8</encoding>

        <!-- Protocol for assets (css/js) -->
        <protocol>https</protocol>

        <!-- Title of the document -->
        <documentTitle>Extent Automation Report</documentTitle>

        <!-- Report name displayed in the UI -->
        <reportName>Automation Report</reportName>

        <!-- Optional: custom JavaScript -->
        <scripts>
            <![CDATA[
                $(document).ready(function() {
                    console.log("ExtentReports loaded");
                });
            ]]>
        </scripts>

        <!-- Optional: custom CSS -->
        <styles>
            <![CDATA[
                /* Hides the timeline panel by default */
                .timeline { display: none !important; }
            ]]>
        </styles>
    </configuration>
</extentReports>
